DROP TABLE FACULTY
CREATE TABLE FACULTY
  (
   FACULTY      CHAR(10)      NOT NULL,
   FACULTY_NAME VARCHAR2(100), 
   CONSTRAINT PK_FACULTY PRIMARY KEY(FACULTY) 
  );
     
delete FACULTY;
insert into FACULTY   (FACULTY,   FACULTY_NAME )
             values  ('ИДиП',   'Издателькое дело и полиграфия');
insert into FACULTY   (FACULTY,   FACULTY_NAME )
            values  ('ХТиТ',   'Химическая технология и техника');
insert into FACULTY   (FACULTY,   FACULTY_NAME )
            values  ('ЛХФ',     'Лесохозяйственный факультет');
insert into FACULTY   (FACULTY,   FACULTY_NAME )
            values  ('ИЭФ',     'Инженерно-экономический факультет');
insert into FACULTY   (FACULTY,   FACULTY_NAME )
            values  ('ТТЛП',    'Технология и техника лесной промышленности');
insert into FACULTY   (FACULTY,   FACULTY_NAME )
            values  ('ТОВ',     'Технология органических веществ');

--------------------------------------------------------------------------------------------
DROP TABLE PULPIT
CREATE TABLE PULPIT 
(
 PULPIT       CHAR(20)      NOT NULL,
 PULPIT_NAME  VARCHAR2(160), 
 FACULTY      CHAR(10)      NOT NULL, 
 CONSTRAINT FK_PULPIT_FACULTY FOREIGN KEY(FACULTY)   REFERENCES FACULTY(FACULTY), 
 CONSTRAINT PK_PULPIT PRIMARY KEY(PULPIT) 
 ); 
 
delete PULPIT;  
insert into PULPIT   (PULPIT,    PULPIT_NAME,                                                   FACULTY )
             values  ('ИСиТ',    'Иформационный систем и технологий ',                         'ИДиП'  );
insert into PULPIT   (PULPIT,    PULPIT_NAME,                                                   FACULTY )
             values  ('ПОиСОИ', 'Полиграфического оборудования и систем обработки информации ', 'ИДиП'  );
insert into PULPIT   (PULPIT,    PULPIT_NAME,                                                   FACULTY)
              values  ('ЛВ',      'Лесоводства',                                                 'ЛХФ') ;         
insert into PULPIT   (PULPIT,    PULPIT_NAME,                                                   FACULTY)
             values  ('ОВ',      'Охотоведения',                                                 'ЛХФ') ;   
insert into PULPIT   (PULPIT,    PULPIT_NAME,                                                   FACULTY)
             values  ('ЛУ',      'Лесоустройства',                                              'ЛХФ');           
insert into PULPIT   (PULPIT,    PULPIT_NAME,                                                   FACULTY)
             values  ('ЛЗиДВ',   'Лесозащиты и древесиноведения',                               'ЛХФ');                
insert into PULPIT   (PULPIT,    PULPIT_NAME,                                                   FACULTY)
             values  ('ЛПиСПС',  'Ландшафтного проектирования и садово-паркового строительства','ЛХФ');                  
insert into PULPIT   (PULPIT,    PULPIT_NAME,                                                   FACULTY)
             values  ('ТЛ',     'Транспорта леса',                                              'ТТЛП');                        
insert into PULPIT   (PULPIT,    PULPIT_NAME,                                                   FACULTY)
             values  ('ЛМиЛЗ',  'Лесных машин и технологии лесозаготовок',                      'ТТЛП');                        
insert into PULPIT   (PULPIT,    PULPIT_NAME,                                                   FACULTY)
             values  ('ОХ',     'Органической химии',                                           'ТОВ');            
insert into PULPIT   (PULPIT,    PULPIT_NAME,                                                              FACULTY)
             values  ('ТНХСиППМ','Технологии нефтехимического синтеза и переработки полимерных материалов','ТОВ');             
insert into PULPIT   (PULPIT,    PULPIT_NAME,                                                      FACULTY)
             values  ('ТНВиОХТ','Технологии неорганических веществ и общей химической технологии ','ХТиТ');                    
insert into PULPIT   (PULPIT,    PULPIT_NAME,                                                                         FACULTY)
             values  ('ХТЭПиМЭЕ','Химии, технологии электрохимических производств и материалов электронной техники', 'ХТиТ');
insert into PULPIT   (PULPIT,    PULPIT_NAME,                                                      FACULTY)
             values  ('ЭТиМ',    'экономической теории и маркетинга',                              'ИЭФ');   
insert into PULPIT   (PULPIT,    PULPIT_NAME,                                                      FACULTY)
             values  ('МиЭП',   'Менеджмента и экономики природопользования',                      'ИЭФ');    
------------------------------------------------------------------------------------------------------------------------ 
DROP  TABLE TEACHER
CREATE TABLE TEACHER
 ( 
  TEACHER       CHAR(20) NOT  NULL,
  TEACHER_NAME  VARCHAR2(100), 
  PULPIT        CHAR(20) NOT NULL, 
  CONSTRAINT PK_TEACHER  PRIMARY KEY(TEACHER), 
  CONSTRAINT FK_TEACHER_PULPIT FOREIGN   KEY(PULPIT)   REFERENCES PULPIT(PULPIT)
 ) ;
 
 
delete  TEACHER;
insert into  TEACHER    (TEACHER,   TEACHER_NAME, PULPIT )
                       values  ('СМЛВ',    'Смелов Владимир Владиславович',  'ИСиТ');
insert into  TEACHER    (TEACHER,  TEACHER_NAME, PULPIT )
                       values  ('АКНВЧ',    'Акунович Станислав Иванович',  'ИСиТ');
insert into  TEACHER    (TEACHER,  TEACHER_NAME, PULPIT )
                       values  ('КЛСНВ',    'Колесников Леонид Валерьевич',  'ИСиТ');
insert into  TEACHER    (TEACHER,  TEACHER_NAME, PULPIT )
                       values  ('ГРМН',    'Герман Олег Витольдович',  'ИСиТ');
insert into  TEACHER    (TEACHER,  TEACHER_NAME, PULPIT )
                       values  ('ЛЩНК',    'Лащенко Анатолий Пвалович',  'ИСиТ');
insert into  TEACHER    (TEACHER,  TEACHER_NAME, PULPIT )
                       values  ('БРКВЧ',    'Бракович Андрей Игорьевич',  'ИСиТ');
insert into  TEACHER    (TEACHER,  TEACHER_NAME, PULPIT )
                       values  ('ДДК',     'Дедко Александр Аркадьевич',  'ИСиТ');
insert into  TEACHER    (TEACHER,  TEACHER_NAME, PULPIT )
                       values  ('КБЛ',     'Кабайло Александр Серафимович',  'ИСиТ');
insert into  TEACHER    (TEACHER,  TEACHER_NAME, PULPIT )
                       values  ('УРБ',     'Урбанович Павел Павлович',  'ИСиТ');
insert into  TEACHER    (TEACHER,  TEACHER_NAME, PULPIT )
                       values  ('РМНК',     'Романенко Дмитрий Михайлович',  'ИСиТ');
insert into  TEACHER    (TEACHER,  TEACHER_NAME, PULPIT )
                       values  ('ПСТВЛВ',  'Пустовалова Наталия Николаевна', 'ИСиТ' );
insert into  TEACHER    (TEACHER,  TEACHER_NAME, PULPIT )
                       values  ('?',     'Неизвестный',  'ИСиТ');
insert into  TEACHER    (TEACHER,  TEACHER_NAME, PULPIT )
                      values  ('ГРН',     'Гурин Николай Иванович',  'ИСиТ');
insert into  TEACHER    (TEACHER,  TEACHER_NAME, PULPIT )
                       values  ('ЖЛК',     'Жиляк Надежда Александровна',  'ИСиТ');
insert into  TEACHER    (TEACHER,  TEACHER_NAME, PULPIT )
                       values  ('БРТШВЧ',   'Барташевич Святослав Александрович',  'ПОиСОИ');
insert into  TEACHER    (TEACHER,  TEACHER_NAME, PULPIT )
                       values  ('ЮДНКВ',   'Юденков Виктор Степанович',  'ПОиСОИ');
insert into  TEACHER    (TEACHER,  TEACHER_NAME, PULPIT )
                       values  ('БРНВСК',   'Барановский Станислав Иванович',  'ЭТиМ');
insert into  TEACHER    (TEACHER,  TEACHER_NAME, PULPIT )
                       values  ('НВРВ',   'Неверов Александр Васильевич',  'МиЭП');
insert into  TEACHER    (TEACHER,  TEACHER_NAME, PULPIT )
                       values  ('РВКЧ',   'Ровкач Андрей Иванович',  'ОВ');
insert into  TEACHER    (TEACHER,  TEACHER_NAME, PULPIT )
                       values  ('ДМДК', 'Демидко Марина Николаевна',  'ЛПиСПС');
insert into  TEACHER    (TEACHER,  TEACHER_NAME, PULPIT )
                       values  ('МШКВСК',   'Машковский Владимир Петрович',  'ЛУ');
insert into  TEACHER    (TEACHER,  TEACHER_NAME, PULPIT )
                       values  ('ЛБХ',   'Лабоха Константин Валентинович',  'ЛВ');
insert into  TEACHER    (TEACHER,  TEACHER_NAME, PULPIT )
                       values  ('ЗВГЦВ',   'Звягинцев Вячеслав Борисович',  'ЛЗиДВ'); 
insert into  TEACHER    (TEACHER,  TEACHER_NAME, PULPIT )
                       values  ('БЗБРДВ',   'Безбородов Владимир Степанович',  'ОХ'); 
insert into  TEACHER    (TEACHER,  TEACHER_NAME, PULPIT )
                       values  ('ПРКПЧК',   'Прокопчук Николай Романович',  'ТНХСиППМ'); 
insert into  TEACHER    (TEACHER,  TEACHER_NAME, PULPIT )
                       values  ('НСКВЦ',   'Насковец Михаил Трофимович',  'ТЛ'); 
insert into  TEACHER    (TEACHER,  TEACHER_NAME, PULPIT )
                       values  ('МХВ',   'Мохов Сергей Петрович',  'ЛМиЛЗ'); 
insert into  TEACHER    (TEACHER,  TEACHER_NAME, PULPIT )
                       values  ('ЕЩНК',   'Ещенко Людмила Семеновна',  'ТНВиОХТ'); 
insert into  TEACHER    (TEACHER,  TEACHER_NAME, PULPIT )
                       values  ('ЖРСК',   'Жарский Иван Михайлович',  'ХТЭПиМЭЕ'); 
---------------------------------------------------------------------------------------------------------------------
DROP TABLE SUBJECT 
CREATE TABLE SUBJECT
    (
     SUBJECT      CHAR(20)     NOT NULL, 
     SUBJECT_NAME VARCHAR2(100)  NOT NULL,
     PULPIT       CHAR(20)     NOT NULL,  
     CONSTRAINT PK_SUBJECT PRIMARY KEY(SUBJECT),
     CONSTRAINT FK_SUBJECT_PULPIT FOREIGN  KEY(PULPIT)  REFERENCES PULPIT(PULPIT)
    );

delete SUBJECT;
insert into SUBJECT   (SUBJECT,   SUBJECT_NAME,        PULPIT )
                       values ('СУБД',   'Системы управления базами данных',                   'ИСиТ');
insert into SUBJECT   (SUBJECT,   SUBJECT_NAME,        PULPIT)
                       values ('БД',     'Базы данных',                                        'ИСиТ');
insert into SUBJECT   (SUBJECT,   SUBJECT_NAME,        PULPIT )
                       values ('ИНФ',    'Информацтонные технологии',                          'ИСиТ');
insert into SUBJECT   (SUBJECT,   SUBJECT_NAME,        PULPIT )
                       values ('ОАиП',  'Основы алгоритмизации и программирования',            'ИСиТ');
insert into SUBJECT   (SUBJECT,   SUBJECT_NAME,        PULPIT )
                       values ('ПЗ',     'Представление знаний в компьютерных системах',       'ИСиТ');
insert into SUBJECT   (SUBJECT,   SUBJECT_NAME,        PULPIT )
                       values ('ПСП',    'Пограммирование сетевых приложений',                 'ИСиТ');
insert into SUBJECT   (SUBJECT,   SUBJECT_NAME,        PULPIT )
                       values ('МСОИ',     'Моделирование систем обработки информации',        'ИСиТ');
insert into SUBJECT   (SUBJECT,   SUBJECT_NAME,        PULPIT )
                       values ('ПИС',     'Проектирование информационных систем',              'ИСиТ');
insert into SUBJECT   (SUBJECT,   SUBJECT_NAME,        PULPIT )
                       values ('КГ',      'Компьютерная геометрия ',                           'ИСиТ');
insert into SUBJECT   (SUBJECT,   SUBJECT_NAME,        PULPIT )
                       values ('ПМАПЛ',   'Полиграфические машины, автоматы и поточные линии', 'ПОиСОИ');
insert into SUBJECT   (SUBJECT,   SUBJECT_NAME,        PULPIT )
                       values ('КМС',     'Компьютерные мультимедийные системы',               'ИСиТ');
insert into SUBJECT   (SUBJECT,   SUBJECT_NAME,        PULPIT )
                       values ('ОПП',     'Организация полиграфического производства',         'ПОиСОИ');
insert into SUBJECT   (SUBJECT,   SUBJECT_NAME,                            PULPIT)
               values ('ДМ',   'Дискретная матеатика',                     'ИСиТ');
insert into SUBJECT   (SUBJECT,   SUBJECT_NAME,                             PULPIT )
               values ('МП',   'Математисеское программирование',          'ИСиТ');  
insert into SUBJECT   (SUBJECT,   SUBJECT_NAME,                             PULPIT )
               values ('ЛЭВМ', 'Логические основы ЭВМ',                     'ИСиТ');                   
insert into SUBJECT   (SUBJECT,   SUBJECT_NAME,                             PULPIT )
               values ('ООП',  'Объектно-ориентированное программирование', 'ИСиТ');
insert into SUBJECT   (SUBJECT,   SUBJECT_NAME,        PULPIT )
                       values ('ЭП',     'Экономика природопользования',                       'МиЭП');
insert into SUBJECT   (SUBJECT,   SUBJECT_NAME,        PULPIT )
                       values ('ЭТ',     'Экономическая теория',                               'ЭТиМ');
insert into SUBJECT   (SUBJECT,   SUBJECT_NAME,        PULPIT )
                       values ('БЛЗиПсOO','Биология лесных зверей и птиц с осн. охотов.',      'ОВ');
insert into SUBJECT   (SUBJECT,   SUBJECT_NAME,        PULPIT )
                       values ('ОСПиЛПХ','Основы садовопаркового и лесопаркового хозяйства',  'ЛПиСПС');
insert into SUBJECT   (SUBJECT,   SUBJECT_NAME,        PULPIT )
                       values ('ИГ',     'Инженерная геодезия ',                              'ЛУ');
insert into SUBJECT   (SUBJECT,   SUBJECT_NAME,        PULPIT )
                       values ('ЛВ',    'Лесоводство',                                        'ЛЗиДВ');
insert into SUBJECT   (SUBJECT,   SUBJECT_NAME,        PULPIT )
                       values ('ОХ',    'Органическая химия',                                 'ОХ');   
insert into SUBJECT   (SUBJECT,   SUBJECT_NAME,        PULPIT )
                       values ('ТРИ',    'Технология резиновых изделий',                      'ТНХСиППМ'); 
insert into SUBJECT   (SUBJECT,   SUBJECT_NAME,        PULPIT )
                       values ('ВТЛ',    'Водный транспорт леса',                             'ТЛ');
insert into SUBJECT   (SUBJECT,   SUBJECT_NAME,        PULPIT )
                       values ('ТиОЛ',   'Технология и оборудование лесозаготовок',           'ЛМиЛЗ'); 
insert into SUBJECT   (SUBJECT,   SUBJECT_NAME,        PULPIT )
                       values ('ТОПИ',   'Технология обогащения полезных ископаемых ',        'ТНВиОХТ');
insert into SUBJECT   (SUBJECT,   SUBJECT_NAME,        PULPIT )
                       values ('ПЭХ',    'Прикладная электрохимия',                           'ХТЭПиМЭЕ');          
---------------------------------------------------------------------------------------------------------------------
DROP TABLE AUDITORIUM_TYPE 
create table AUDITORIUM_TYPE 
(
  AUDITORIUM_TYPE   char(20) constraint AUDITORIUM_TYPE_PK  primary key,  
  AUDITORIUM_TYPENAME  varchar2(60) constraint AUDITORIUM_TYPENAME_NOT_NULL not null         
);

delete AUDITORIUM_TYPE;
insert into AUDITORIUM_TYPE   (AUDITORIUM_TYPE,   AUDITORIUM_TYPENAME )
                       values  ('ЛК',   'Лекционная');
insert into AUDITORIUM_TYPE   (AUDITORIUM_TYPE,   AUDITORIUM_TYPENAME )
                       values  ('ЛБ-К',   'Компьютерный класс');
insert into AUDITORIUM_TYPE   (AUDITORIUM_TYPE,   AUDITORIUM_TYPENAME )
                       values  ('ЛК-К', 'Лекционная с уст. компьютерами');
insert into AUDITORIUM_TYPE   (AUDITORIUM_TYPE,   AUDITORIUM_TYPENAME )
                       values  ('ЛБ-X', 'Химическая лаборатория');
insert into AUDITORIUM_TYPE   (AUDITORIUM_TYPE,   AUDITORIUM_TYPENAME )
                       values  ('ЛБ-СК', 'Спец. компьютерный класс');
---------------------------------------------------------------------------------------------------------------------
-- DROP TABLE AUDITORIUM 
create table AUDITORIUM 
(
 AUDITORIUM           char(20) primary key,  -- код аудитории
 AUDITORIUM_NAME      varchar2(200),          -- аудитория 
 AUDITORIUM_CAPACITY  number(4),              -- вместимость
 AUDITORIUM_TYPE      char(20) not null      -- тип аудитории
                      references AUDITORIUM_TYPE(AUDITORIUM_TYPE)  
);

delete  AUDITORIUM;
insert into  AUDITORIUM   (AUDITORIUM,   AUDITORIUM_NAME, AUDITORIUM_TYPE, AUDITORIUM_CAPACITY )
                       values  ('206-1',   '206-1', 'ЛБ-К', 15);
insert into  AUDITORIUM   (AUDITORIUM,   AUDITORIUM_NAME, AUDITORIUM_TYPE, AUDITORIUM_CAPACITY)
                       values  ('301-1',   '301-1', 'ЛБ-К', 15);
insert into  AUDITORIUM   (AUDITORIUM,   AUDITORIUM_NAME, AUDITORIUM_TYPE, AUDITORIUM_CAPACITY )
                       values  ('236-1',   '236-1', 'ЛК',   60);
insert into  AUDITORIUM   (AUDITORIUM,   AUDITORIUM_NAME, AUDITORIUM_TYPE, AUDITORIUM_CAPACITY )
                       values  ('313-1',   '313-1', 'ЛК',   60);
insert into  AUDITORIUM   (AUDITORIUM,   AUDITORIUM_NAME, AUDITORIUM_TYPE, AUDITORIUM_CAPACITY )
                       values  ('324-1',   '324-1', 'ЛК',   50);
insert into  AUDITORIUM   (AUDITORIUM,   AUDITORIUM_NAME, AUDITORIUM_TYPE, AUDITORIUM_CAPACITY )
                       values  ('413-1',   '413-1', 'ЛБ-К', 15);
insert into  AUDITORIUM   (AUDITORIUM,   AUDITORIUM_NAME, AUDITORIUM_TYPE, AUDITORIUM_CAPACITY )
                       values  ('423-1',   '423-1', 'ЛБ-К', 90);
insert into  AUDITORIUM   (AUDITORIUM,   AUDITORIUM_NAME, AUDITORIUM_TYPE, AUDITORIUM_CAPACITY )
                       values  ('408-2',   '408-2', 'ЛК',  90);
insert into  AUDITORIUM   (AUDITORIUM,   AUDITORIUM_NAME, AUDITORIUM_TYPE, AUDITORIUM_CAPACITY )
                       values  ('103-4',   '103-4', 'ЛК',  90);
insert into  AUDITORIUM   (AUDITORIUM,   AUDITORIUM_NAME, AUDITORIUM_TYPE, AUDITORIUM_CAPACITY )
                       values  ('105-4',   '105-4', 'ЛК',  90);
insert into  AUDITORIUM   (AUDITORIUM,   AUDITORIUM_NAME, AUDITORIUM_TYPE, AUDITORIUM_CAPACITY )
                       values  ('107-4',   '107-4', 'ЛК',  90);
insert into  AUDITORIUM   (AUDITORIUM,   AUDITORIUM_NAME, AUDITORIUM_TYPE, AUDITORIUM_CAPACITY )
                       values  ('110-4',   '110-4', 'ЛК',  30);
insert into  AUDITORIUM   (AUDITORIUM,   AUDITORIUM_NAME, AUDITORIUM_TYPE, AUDITORIUM_CAPACITY )
                       values  ('111-4',   '111-4', 'ЛК',  30);
insert into  AUDITORIUM   (AUDITORIUM,   AUDITORIUM_NAME, AUDITORIUM_TYPE, AUDITORIUM_CAPACITY )
                      values  ('114-4',   '114-4', 'ЛК-К',  90 );
insert into  AUDITORIUM   (AUDITORIUM,   AUDITORIUM_NAME, AUDITORIUM_TYPE, AUDITORIUM_CAPACITY )
                       values ('132-4',   '132-4', 'ЛК',   90);
insert into  AUDITORIUM   (AUDITORIUM,   AUDITORIUM_NAME, AUDITORIUM_TYPE, AUDITORIUM_CAPACITY )
                       values ('02Б-4',   '02Б-4', 'ЛК',   90);
insert into  AUDITORIUM   (AUDITORIUM,   AUDITORIUM_NAME, AUDITORIUM_TYPE, AUDITORIUM_CAPACITY )
                       values ('229-4',   '229-4', 'ЛК',   90);
insert into  AUDITORIUM   (AUDITORIUM,   AUDITORIUM_NAME, AUDITORIUM_TYPE, AUDITORIUM_CAPACITY )
                       values  ('304-4',   '304-4','ЛБ-К', 90);
insert into  AUDITORIUM   (AUDITORIUM,   AUDITORIUM_NAME, AUDITORIUM_TYPE, AUDITORIUM_CAPACITY )
                       values  ('314-4',   '314-4', 'ЛК',  90);
insert into  AUDITORIUM   (AUDITORIUM,   AUDITORIUM_NAME, AUDITORIUM_TYPE, AUDITORIUM_CAPACITY )
                       values  ('320-4',   '320-4', 'ЛК',  90);
insert into  AUDITORIUM   (AUDITORIUM,   AUDITORIUM_NAME, AUDITORIUM_TYPE, AUDITORIUM_CAPACITY )
                       values  ('429-4',   '429-4', 'ЛК',  90);
insert into  AUDITORIUM   (AUDITORIUM,   AUDITORIUM_NAME, AUDITORIUM_TYPE, AUDITORIUM_CAPACITY )
                        values  ('?',   '???', 'ЛК',  90);
-----------------------------------------------------------------------------------------------------------------------
-- PL/SQL для программирования хранимых процедур. Не чувствителен к регистру

-- секция заголовка (способ вызова определяет). Не обязат
-- раздел объявлений - для объявления переменных, курсоров, вложенных блоков. Не обязат
-- исполняемый раздел - команды. Обязат
-- раздел исключений - их обработка. Не обязат

-- вложенный блок - блок в блоке, ограничивают область видимости и действия элементов кода. Обработка внутри блока

-- PL/SQL - Oracle + пару типов

-- Семантика символов в Oracle - байтовая семантика - строка рассматриваются как помледовательность байт по умолчанию.
-- Символьная - посл-ть символов (nls_length_semantics)

-- символьные Oracle: char, nchar, varchar2, nvarchar2, long, row(n), long row, clob, nlob, blob, bfile
-- символьные PL/SQL: char (Есть подтипы CHARACTER и STRING), varchar2 (Есть подтип VARCHAR) + Oracle

-- числовые Oracle: number (n, s)
-- числовые PL/SQL: number (n, s) (Есть подтипы DEC, DECIMAL, DOUBLE, PRECISION, FLOAT, INT, INTEGER, NUMERIC, REAL и SMALLINT)
-- В Oracle Database 10^ появилось еще два двоичных типа с плавающей точкой: BINARY_FLOAT и BINARY_DOUBLE. 

-- show parameters plsql;

-- Перечислите представления словаря базы данных, хранящие информацию связанную PL/SQL: show parameters nls;

-- 1.	Разработайте простейший анонимный блок (не имеющий имени, нет заголовка, не мб вызван из другого блока) PL/SQL (АБ), не содержащий операторов. 
begin -- начало блока
        -- начало секции исполняемых команд
  null;
        -- конец секции исполняемых команд
end; -- конец

-- 2. Разработайте АБ, выводящий «Hello World!». Выполните его в SQLDev и SQL+.
set serveroutput on;

begin
  dbms_output.put_line('Hello world!');
end;

-- 3. Продемонстрируйте работу исключения и встроенных функций sqlerrm, sqlcode.
declare
   n AUDITORIUM.AUDITORIUM_NAME%type; -- определение переменной на основе поля в таблице
begin
   select AUDITORIUM_NAME into n from AUDITORIUM where AUDITORIUM_TYPE = 'ЛК';
   exception when others then dbms_output.put_line('code = ' || sqlcode || ', error = ' || sqlerrm); -- || - конкатенация
end;

-- 4. Разработайте вложенный блок. Продемонстрируйте принцип обработки исключений во вложенных блоках.
declare
  x integer := 1;
  y integer := 0;
  z integer := 0;
begin
  dbms_output.put_line('x = ' || x || ', y = ' || y);
  begin
    z := x / y;
    dbms_output.put_line('z = ' || z);
    exception when others then dbms_output.put_line('code = ' || sqlcode || ', error = ' || sqlerrm);
  end;
  dbms_output.put_line('z = ' || z);
end;

-- 5. Выясните, какие типы предупреждения компилятора поддерживаются в данный момент.
show parameter plsql_warnings;

-- 6. Разработайте скрипт, позволяющий просмотреть все спецсимволы PL/SQL.
select keyword from v$reserved_words where length = 1 and keyword != 'A';

-- 7. Разработайте скрипт, позволяющий просмотреть все ключевые слова  PL/SQL.
select keyword from v$reserved_words where length > 1 order by keyword;

-- 8. Разработайте скрипт, позволяющий просмотреть все параметры Oracle Server, связанные с PL/SQL. Просмотрите эти же параметры с помощью SQL+-команды show.
select name, value from v$parameter where name like 'plsql%';
-- show parameters plsql;

-- 9. Разработайте анонимный блок, демонстрирующий (выводящий в выходной серверный поток результаты) объявление и инициализацию целых number-переменных;
declare
  x integer := 1;
begin
  dbms_output.put_line('x = ' || x);
end;

-- 11. арифметические действия над двумя целыми number-переменных, включая деление с остатком;
declare
  x    number := 8;
  y    number := 10;
  summ number := 0;
  div  number := 0;
  mul  number := 0;
  dif  number := 0;
  res  number := 0;
begin
  summ := x + y;
  div := y / x;
  mul := x * y;
  dif := y - x;
  res := mod(x, y);
  dbms_output.put_line('x = ' || x || ', y = ' || y || ', sum = ' || summ || ', div = ' || div || ', dif = ' || dif || ', res = ' || res);
end;

-- 12. объявление и инициализацию number-переменных с фиксированной точкой;
declare
  X number(5, 2) := 123.23; -- где A — общее количество значащих цифр в числе,
                  -- а B — количество цифр справа (положительное значение) или слева (отрицательное значение) от десятичной запятой.
begin
  dbms_output.put_line(X);
end;

-- 13. объявление и инициализацию number-переменных с фиксированной точкой и отрицательным масштабом (округление);
declare
  X number(5, 2) := 123.2399999;
begin
  dbms_output.put_line(X);
end;

-- 14. объявление и инициализацию BINARY_FLOAT-переменной;
declare
  X binary_float := 123.2399999;
begin
  dbms_output.put_line(X);
end;

-- 15. объявление и инициализацию BINARY_DOUBLE-переменной;
declare
  X binary_double := 123.2399999;
begin
  dbms_output.put_line(X);
end;

-- 16. объявление number-переменных с точкой и применением символа E (степень 10) при инициализации/присвоении;
declare
  X number(25, 0) := 123.2e10;
begin
  dbms_output.put_line(X);
end;

-- 17. объявление и инициализацию BOOLEAN-переменных.
declare
  X boolean := true;
begin
  if not X
    then dbms_output.put_line('false');
  end if;
  if X
    then dbms_output.put_line('true');
  end if;
end;

-- 18. Разработайте анонимный блок PL/SQL содержащий объявление констант (VARCHAR2, CHAR, NUMBER). Продемонстрируйте  возможные операции константами.  
declare
  X constant varchar2(20) := 'varchar2';
  Y constant char not null default 'f';
  Z constant number not null := 12;
begin
  X := '2'; -- ошибка, так нельзяя
  dbms_output.put_line(Z);
  exception when others then dbms_output.put_line('Code: ' || SQLCODE || ' Error: ' || SQLERRM);
end;

-- 19. Разработайте АБ, содержащий объявления с опцией %TYPE. Продемонстрируйте действие опции.
declare
   name AUDITORIUM.AUDITORIUM_NAME%TYPE;
begin
   select AUDITORIUM_NAME into name from AUDITORIUM where AUDITORIUM = '206-1';
   dbms_output.put_line(name);
end;

-- 20. Разработайте АБ, содержащий объявления с опцией %ROWTYPE. Продемонстрируйте действие опции.
declare
  p PULPIT%ROWTYPE; -- определение структуры записи на основе таблицы или курсора
begin
  p.PULPIT_NAME := 'ПОИТ';
  p.PULPIT := 'DW';
  dbms_output.put_line(p.PULPIT_NAME || ' ' || p.PULPIT);
end;

-- 21. Разработайте АБ, демонстрирующий все возможные конструкции оператора IF .
declare
  pulpit integer := 11;
begin
  if pulpit > 10
    then dbms_output.put_line('pulpit > 10');
    else dbms_output.put_line('else');
  end if;
end;

-- 23. Разработайте АБ, демонстрирующий работу оператора CASE.
declare
  x integer := 9;
begin
  case
    when x > 10 then dbms_output.put_line('x > 10');
    when x < 10 then dbms_output.put_line('x < 10');
    else dbms_output.put_line('else');
  end case;
end;

--22.	Разработайте АБ, демонстрирующий работу оператора LOOP.
declare
  x integer := 0;
begin
  loop
    dbms_output.put_line(x);
    exit when x > 5;
    x := x + 1;
  end loop;
end;

--23.	Разработайте АБ, демонстрирующий работу оператора WHILE.
declare
  x integer := 0;
begin
  while (x < 10)
  loop
    x := x + 1;
    dbms_output.put_line(x);
  end loop;
end;

--24.	Разработайте АБ, демонстрирующий работу оператора FOR.
begin
  for k in 1..10
  loop
    dbms_output.put_line(k);
  end loop;
end;





